"SAMPLE_ID","UMAP1","UMAP2","LESIONS_TYPES","ROI_TYPES"
"LSP15328_Scan1-001-PanCK+",2.52946128447851,2.12797061105569,"STIC.C","Epithelial"
"LSP15328_Scan1-002-PanCK+",2.33991756041845,2.22334185739358,"STIC.C","Epithelial"
"LSP15328_Scan1-003-PanCK+",1.20359267791112,2.00292268892129,"STIC.C","Epithelial"
"LSP15328_Scan1-004-PanCK+",-0.312558750311534,1.60483971734842,"Cancer (Floating)","Epithelial"
"LSP15328_Scan1-005-PanCK+",-0.416706661383311,1.25769463678201,"Cancer (Floating)","Epithelial"
"LSP15328_Scan1-006-PanCK+",-8.02079836530467e-05,1.48826066156228,"Fimbriae.C","Epithelial"
"LSP15328_Scan1-007-PanCK+",-0.794686893622081,1.36179915567239,"Fimbriae.C","Epithelial"
"LSP15328_Scan1-008-PanCK+",-0.305207828680675,1.45751944681009,"Fimbriae.C","Epithelial"
"LSP15328_Scan1-009-PanCK+",1.73147859176,2.23506418367227,"Inv Cancer","Epithelial"
"LSP15328_Scan1-010-PanCK+",-1.01275883118312,2.22554889818033,"Inv Cancer","Epithelial"
"LSP15328_Scan1-011-PanCK+",-0.97988377014796,1.38091651101907,"Inv Cancer","Epithelial"
"LSP15328_Scan1-012-PanCK+",-0.477116207281749,1.38990012307962,"Cancer (Floating)","Epithelial"
"LSP15332_Scan1-001-PanCK-",-0.268467525641124,1.91593066354593,"STIL.C","Stroma"
"LSP15332_Scan1-001-PanCK+",1.46522655089696,2.95145050187906,"STIL.C","Epithelial"
"LSP15332_Scan1-002-PanCK-",-0.9787584344546,1.70676365991433,"STIL.C","Stroma"
"LSP15332_Scan1-002-PanCK+",1.60905255873998,2.59507409234842,"STIL.C","Epithelial"
"LSP15332_Scan1-003-PanCK-",-1.10961304108302,1.34704629083474,"STIL.C","Stroma"
"LSP15332_Scan1-003-PanCK+",1.37473525603612,2.87307444711526,"STIL.C","Epithelial"
"LSP15332_Scan1-004-PanCK-",-1.40179787079493,1.5032078375419,"STIC.C","Stroma"
"LSP15332_Scan1-004-PanCK+",1.0237616499265,2.64125982423623,"STIC.C","Epithelial"
"LSP15332_Scan1-005-PanCK-",-1.35693130890528,1.60748592515786,"STIC.C","Stroma"
"LSP15332_Scan1-005-PanCK+",0.752064605553945,2.53552356859048,"STIC.C","Epithelial"
"LSP15332_Scan1-006-PanCK-",-0.995939830938975,1.50669518609842,"STIC.C","Stroma"
"LSP15332_Scan1-006-PanCK+",1.42861833175023,2.48791519304117,"STIC.C","Epithelial"
"LSP15332_Scan1-007-PanCK-",-0.835830310980479,1.56848469873269,"STIC.C","Stroma"
"LSP15332_Scan1-007-PanCK+",1.7103752096494,2.63762370248636,"STIC.C","Epithelial"
"LSP15332_Scan1-008-PanCK-",-1.18948135773341,1.57448903222879,"STIC.C","Stroma"
"LSP15332_Scan1-008-PanCK+",1.41292705138524,2.78449121614297,"STIC.C","Epithelial"
"LSP15332_Scan1-009-PanCK-",-1.06262360016505,1.64751807351907,"STIC.C","Stroma"
"LSP15332_Scan1-009-PanCK+",0.462840934594472,2.24494877954324,"STIC.C","Epithelial"
"LSP15332_Scan1-010-PanCK-",-1.04350910584132,2.16904727121194,"Inv Cancer","Stroma"
"LSP15332_Scan1-010-PanCK+",1.61949195464452,3.13063803811868,"Inv Cancer","Epithelial"
"LSP15332_Scan1-011-PanCK-",-1.35235462586085,1.69575563569864,"Inv Cancer","Stroma"
"LSP15332_Scan1-011-PanCK+",1.51480903228124,2.91667381425699,"Inv Cancer","Epithelial"
"LSP15332_Scan1-012-PanCK-",-1.22031364838282,1.73225632806619,"Inv Cancer","Stroma"
"LSP15332_Scan1-012-PanCK+",1.61319388945897,2.98970714708169,"Inv Cancer","Epithelial"
"LSP15332_Scan1-013-PanCK+",-1.00023231903712,1.3720563997825,"p53 Signature.C","Epithelial"
"LSP15332_Scan1-014-PanCK+",-0.55983982483546,1.45681897302469,"p53 Signature.C","Epithelial"
"LSP15332_Scan1-015-PanCK+",0.0560153921445208,1.38850060602029,"p53 Signature.C","Epithelial"
"LSP15332_Scan1-016-PanCK+",0.959988017876943,2.30399886270364,"STIC.C","Epithelial"
"LSP15332_Scan1-017-PanCK+",0.829945941766103,2.22445527215799,"STIC.C","Epithelial"
"LSP15332_Scan1-018-PanCK+",1.59707440932592,3.08427325387796,"Inv Cancer","Epithelial"
"LSP15332_Scan1-019-Full-ROI",1.6011280020078,3.10125962396463,"Inv Cancer","Epithelial"
"LSP15332_Scan1-020-Full-ROI",1.56506051619848,2.83768097062906,"Inv Cancer","Epithelial"
"LSP15332_Scan1-021-PanCK+",1.41741647322973,3.0055066694816,"Cancer (Floating)","Epithelial"
"LSP15332_Scan1-022-PanCK+",0.0122274359067278,1.3063334574302,"FT.C","Epithelial"
"LSP15336_Scan1-001-PanCK+",-0.247502903143565,1.39379159112771,"FT.C","Epithelial"
"LSP15336_Scan1-002-PanCK+",-0.212132076422374,1.49308744569619,"FT.C","Epithelial"
"LSP15336_Scan1-003-PanCK+",-0.166894535223643,1.48835865159829,"FT.C","Epithelial"
"LSP15336_Scan1-004-PanCK+",-0.857205967108409,4.28905132909616,"STIC.C","Epithelial"
"LSP15336_Scan1-005-PanCK+",-0.784895519415538,4.06973770757516,"STIC.C","Epithelial"
"LSP15336_Scan1-006-PanCK+",-0.87722263733546,4.25624648233255,"STIC.C","Epithelial"
"LSP15336_Scan1-007-PanCK+",-0.534538845221202,2.13111058374246,"STIC.C","Epithelial"
"LSP15336_Scan1-008-PanCK+",-0.956022838751475,4.31758848329385,"Cancer (Floating)","Epithelial"
"LSP15336_Scan1-009-PanCK+",-0.871621708075206,4.30536798139413,"Cancer (Floating)","Epithelial"
"LSP15336_Scan1-010-PanCK+",-0.896585086981456,4.26872888704141,"Cancer (Floating)","Epithelial"
"LSP15336_Scan1-011-PanCK+",-0.843761066595714,4.21608666082223,"Inv Cancer","Epithelial"
"LSP15336_Scan1-012-PanCK+",-0.883356670538585,4.24189320703347,"Inv Cancer","Epithelial"
"LSP15336_Scan1-013-PanCK+",-0.895680050055186,4.27389541765054,"Inv Cancer","Epithelial"
"LSP15336_Scan1-014-PanCK+",-0.507952312628428,1.40682831903299,"p53 Signature.C","Epithelial"
"LSP15336_Scan1-015-PanCK+",-0.338039974371592,1.57363024850686,"p53 Signature.C","Epithelial"
"LSP15336_Scan1-016-PanCK+",-0.211872677008311,1.39471141000589,"p53 Signature.C","Epithelial"
"LSP15340_Scan1-001-PanCK-",-0.815639118353526,1.62063041826089,"STIC.C","Stroma"
"LSP15340_Scan1-001-PanCK+",2.69075431426366,2.00361028810342,"STIC.C","Epithelial"
"LSP15340_Scan1-002-PanCK-",-0.980023960272471,1.48942581315835,"STIC.C","Stroma"
"LSP15340_Scan1-002-PanCK+",2.67623462279638,2.02922764917215,"STIC.C","Epithelial"
"LSP15340_Scan1-003-PanCK-",-0.848942379156749,1.60783949991067,"STIC.C","Stroma"
"LSP15340_Scan1-003-PanCK+",2.69451417525609,2.00412837167581,"STIC.C","Epithelial"
"LSP15340_Scan1-004-Full-ROI",2.9664582212766,1.77335086961587,"Inv Cancer","Epithelial"
"LSP15340_Scan1-005-PanCK+",3.02682771285375,1.71311489244302,"Inv Cancer","Epithelial"
"LSP15340_Scan1-006-PanCK+",2.90626372893651,1.83073679109414,"Inv Cancer","Epithelial"
"LSP15340_Scan1-007-Full-ROI",3.22913112243017,1.66662326951822,"Inv Cancer","Epithelial"
"LSP15340_Scan1-008-Full-ROI",3.27033080657323,1.63845220704873,"Inv Cancer","Epithelial"
"LSP15340_Scan1-009-Full-ROI",3.24458160003026,1.63433495660623,"Inv Cancer","Epithelial"
"LSP15340_Scan1-010-PanCK-",1.39963569243749,1.79305497308572,"Inv Cancer","Stroma"
"LSP15340_Scan1-010-PanCK+",2.98057832320531,1.67164245744546,"Inv Cancer","Epithelial"
"LSP15340_Scan1-011-Full-ROI",3.07164134581884,1.79552832742532,"Inv Cancer","Epithelial"
"LSP15340_Scan1-012-Full-ROI",3.03115167220434,1.71792069574197,"Inv Cancer","Epithelial"
"LSP15340_Scan1-013-PanCK+",3.04982413848241,1.61543122430642,"STIC.C","Epithelial"
"LSP15340_Scan1-014-PanCK+",2.93152608474096,1.76214138170083,"STIC.C","Epithelial"
"LSP15340_Scan1-015-PanCK+",2.832806011041,1.83740821977456,"STIC.C","Epithelial"
"LSP15340_Scan1-016-PanCK+",2.94051589568456,1.72997752328714,"STIC.C","Epithelial"
"LSP15340_Scan1-017-PanCK+",-0.188679317633311,1.62708822389444,"FT.C","Epithelial"
"LSP15340_Scan1-021-Full-ROI",1.52571096022924,1.92176762719949,"Inv Cancer","Epithelial"
"LSP15340_Scan1-022-Full-ROI",1.5271796186765,1.90221730371316,"Inv Cancer","Epithelial"
"LSP15344_Scan1-001-Full-ROI",1.0511921842893,3.00039950509866,"Inv Cancer","Epithelial"
"LSP15344_Scan1-002-Full-ROI",1.0115341146787,2.94745436807473,"Inv Cancer","Epithelial"
"LSP15344_Scan1-003-Full-ROI",1.19777383406957,2.84101692338785,"Inv Cancer","Epithelial"
"LSP15344_Scan1-004-Full-ROI",1.34348430236181,3.24329510827859,"Inv Cancer","Epithelial"
"LSP15344_Scan1-005-Full-ROI",1.30198373397191,3.27339974542459,"Inv Cancer","Epithelial"
"LSP15344_Scan1-006-Full-ROI",1.35095777114232,3.25413910051187,"Inv Cancer","Epithelial"
"LSP15344_Scan1-007-Full-ROI",1.40534677108129,3.28984442849954,"Cancer (Floating)","Epithelial"
"LSP15344_Scan1-008-PanCK+",1.38594331343969,3.34634581704934,"STIC.C","Epithelial"
"LSP15344_Scan1-009-PanCK+",-0.89638481537501,1.99624696870645,"STIC.C","Epithelial"
"LSP15344_Scan1-010-PanCK+",1.30134334166845,3.29690018792947,"STIC.C","Epithelial"
"LSP15344_Scan1-015-PanCK+",-0.00818405548731516,-4.22628935674826,"p53 Signature.C","Epithelial"
"LSP15348_Scan1-001-PanCK-",-0.920087436834971,2.52187148233255,"Inv Cancer","Stroma"
"LSP15348_Scan1-001-PanCK+",0.0266865690549212,3.45042983194192,"Inv Cancer","Epithelial"
"LSP15348_Scan1-002-PanCK-",-1.19328365723292,2.30499378343423,"Inv Cancer","Stroma"
"LSP15348_Scan1-002-PanCK+",-0.0742813150087995,3.24086562295755,"Inv Cancer","Epithelial"
"LSP15348_Scan1-003-PanCK-",-1.14389477173487,2.29458252092202,"Inv Cancer","Stroma"
"LSP15348_Scan1-003-PanCK+",0.0774454077084856,3.50576082368692,"Inv Cancer","Epithelial"
"LSP15348_Scan1-004-PanCK-",-1.14331303040187,2.31104723115762,"Inv Cancer","Stroma"
"LSP15348_Scan1-004-PanCK+",0.0173911054929095,3.4137655844291,"Inv Cancer","Epithelial"
"LSP15348_Scan1-005-PanCK-",-0.940339664618175,2.4450487246116,"Inv Cancer","Stroma"
"LSP15348_Scan1-005-PanCK+",-0.00354442993799875,3.36695018907388,"Inv Cancer","Epithelial"
"LSP15348_Scan1-006-PanCK-",-1.07676468292872,2.39458337922891,"Inv Cancer","Stroma"
"LSP15348_Scan1-006-PanCK+",0.00146903594334891,3.4006892790397,"Inv Cancer","Epithelial"
"LSP15348_Scan1-007-PanCK-",-0.405887226263682,2.9818123926719,"Inv Cancer","Stroma"
"LSP15348_Scan1-007-PanCK+",-0.246621708075206,3.16310778756936,"Inv Cancer","Epithelial"
"LSP15348_Scan1-008-Full-ROI",-0.951162914435069,1.58914033075174,"Fimbriae.C","Epithelial"
"LSP15348_Scan1-009-PanCK-",-0.797864536444346,2.59015766282876,"Inv Cancer","Stroma"
"LSP15348_Scan1-009-PanCK+",-0.490975956122081,2.88310590883096,"Inv Cancer","Epithelial"
"LSP15348_Scan1-010-Full-ROI",-0.85518894592921,1.22091570993264,"Fimbriae.C","Epithelial"
"LSP15348_Scan1-011-PanCK-",-1.16855392853419,2.15180841585,"Inv Cancer","Stroma"
"LSP15348_Scan1-011-PanCK+",-0.0929676095644636,3.13919225831826,"Inv Cancer","Epithelial"
"LSP15356_Scan1-001-PanCK+",1.68050708373388,2.50364271303018,"STIC.C","Epithelial"
"LSP15356_Scan1-002-PanCK+",1.48683633406957,2.39534989496072,"STIC.C","Epithelial"
"LSP15356_Scan1-003-PanCK+",1.18641652663549,1.98944417138894,"STIC.C","Epithelial"
"LSP15356_Scan1-004-Full-ROI",2.02129115660985,2.2708212484916,"STIC.C","Epithelial"
"LSP15356_Scan1-005-PanCK+",2.00268830855687,2.24105588098367,"STIC.C","Epithelial"
"LSP15356_Scan1-006-Full-ROI",1.90898313124975,2.23676291604837,"STIC.C","Epithelial"
"LSP15356_Scan1-007-Full-ROI",1.38725747664769,2.24600282808145,"Inv Cancer","Epithelial"
"LSP15356_Scan1-008-Full-ROI",1.50998153289159,2.14559165139993,"Inv Cancer","Epithelial"
"LSP15356_Scan1-009-Full-ROI",1.60148944457372,2.24392572542032,"Inv Cancer","Epithelial"
"LSP15356_Scan1-010-Full-ROI",1.60858382781347,2.39159599443277,"Cancer (Floating)","Epithelial"
"LSP15356_Scan1-011-PanCK+",-0.448034862677257,1.66324487825235,"FT.C","Epithelial"
"LSP15360_Scan1-001-Full-ROI",2.82597865660985,5.20969528456529,"Inv Cancer","Epithelial"
"LSP15360_Scan1-002-Full-ROI",-1.16791210571925,1.65669146676858,"Inv Cancer","Stroma"
"LSP15360_Scan1-003-Full-ROI",2.59033240874608,5.15139896174272,"Inv Cancer","Epithelial"
"LSP15360_Scan1-004-Full-ROI",2.79374637206395,4.9892823745807,"Inv Cancer","Epithelial"
"LSP15360_Scan1-005-Full-ROI",2.70453967650731,5.07600889106592,"Inv Cancer","Epithelial"
"LSP15360_Scan1-006-Full-ROI",2.76189508040746,5.2311248232921,"Inv Cancer","Epithelial"
"LSP15360_Scan1-007-Full-ROI",-0.32822189728419,1.81566921373208,"p53 Signature.C","Epithelial"
"LSP15360_Scan1-008-Full-ROI",0.328143497308095,2.25505272050699,"STIC.C","Epithelial"
"LSP15360_Scan1-009-Full-ROI",0.343809982140859,2.18877950807412,"STIC.C","Epithelial"
"LSP15360_Scan1-010-Full-ROI",0.479881187280019,2.36695543428262,"STIC.C","Epithelial"
"LSP15360_Scan1-011-Full-ROI",2.5481928785642,5.16627219816049,"Inv Cancer","Epithelial"
"LSP15360_Scan1-012-Full-ROI",2.59792174895604,5.19622505207856,"Inv Cancer","Epithelial"
"LSP15360_Scan1-013-Full-ROI",2.58410968383153,5.13784951468309,"Inv Cancer","Epithelial"
"LSP15360_Scan1-014-Full-ROI",-0.352799991766612,1.5644494642814,"FT.C","Epithelial"
"LSP15360_Scan1-015-Full-ROI",2.8783816297849,5.18803555270036,"Inv Cancer","Epithelial"
"LSP15360_Scan1-016-Full-ROI",-1.7659259835879,1.10178509851297,"Inv Cancer","Stroma"
"LSP15360_Scan1-017-Full-ROI",2.7335742910703,5.16073328753312,"Inv Cancer","Epithelial"
"LSP15360_Scan1-018-Full-ROI",2.82916917403539,5.2057447185119,"Inv Cancer","Epithelial"
"LSP15360_Scan1-019-Full-ROI",-1.47098884979884,1.21384564538797,"Inv Cancer","Stroma"
"LSP15360_Scan1-020-Full-ROI",-1.11207542816798,1.37902394433816,"Inv Cancer","Stroma"
"LSP15360_Scan1-021-Full-ROI",2.62354030211767,5.22371566792329,"Inv Cancer","Epithelial"
"LSP15360_Scan1-022-Full-ROI",2.61308087905248,5.19006586571534,"Inv Cancer","Epithelial"
"LSP15360_Scan1-024-Full-ROI",-1.77566585938136,1.48208180566629,"Inv Cancer","Stroma"
"LSP15360_Scan1-025-Full-ROI",-1.63971863190333,1.49792472024759,"Inv Cancer","Stroma"
"LSP15360_Scan1-026-Full-ROI",-1.81041298309962,1.42180815835794,"Inv Cancer","Stroma"
"LSP15360_Scan1-027-Full-ROI",2.57611217101415,5.22580570479234,"Inv Cancer","Epithelial"
"LSP15360_Scan1-028-Full-ROI",2.59417428572973,5.19771570463975,"Inv Cancer","Epithelial"
"LSP15360_Scan1-029-Full-ROI",-0.380695919195811,1.31995574136575,"FT.C","Epithelial"
"LSP16139_Scan2-001-Full-ROI",-1.82818088928858,-0.454754913846652,"FT.C","Epithelial"
"LSP16139_Scan2-002-Full-ROI",-1.89746914307276,-0.52624091009299,"FT.C","Epithelial"
"LSP16139_Scan2-003-Full-ROI",-1.41887722412745,-0.665499771634738,"FT.C","Epithelial"
"LSP16139_Scan2-004-Full-ROI",-1.40932808319728,-0.255769337217013,"Fimbriae.C","Epithelial"
"LSP16139_Scan2-005-Full-ROI",-1.29624901215235,-0.419842327634494,"Fimbriae.C","Epithelial"
"LSP16139_Scan2-006-Full-ROI",-1.68978271881739,-0.754933441678683,"Fimbriae.C","Epithelial"
"LSP16139_Scan2-007-Full-ROI",0.825793166955312,0.716652308901151,"Cancer (Floating)","Epithelial"
"LSP16139_Scan2-008-Full-ROI",1.63635863860448,0.159376536806424,"Cancer (Floating)","Epithelial"
"LSP16139_Scan2-009-Full-ROI",0.902652641137441,0.605479155977567,"Cancer (Floating)","Epithelial"
"LSP16139_Scan2-010-Full-ROI",-0.383084873358409,-1.52337082723777,"Fimbriae.C","Epithelial"
"LSP16139_Scan2-011-Full-ROI",-1.26863537232081,-1.01094492773215,"Fimbriae.C","Epithelial"
"LSP16139_Scan2-012-Full-ROI",-1.32503662506739,-0.76179941991965,"Fimbriae.C","Epithelial"
"LSP16139_Scan2-013-Full-ROI",1.26030339797338,0.560201083620389,"Inv Cancer","Epithelial"
"LSP16139_Scan2-014-Full-ROI",1.13952531417211,0.586774264772733,"Inv Cancer","Epithelial"
"LSP16139_Scan2-015-Full-ROI",-0.853870968023936,-0.0550232777992887,"Inv Cancer","Epithelial"
"LSP16139_Scan2-016-Full-ROI",0.615140815575917,-0.014569366971652,"Inv Cancer","Epithelial"
"LSP16139_Scan2-017-Full-ROI",-0.30408916870753,-0.143952930967013,"Inv Cancer","Epithelial"
"LSP16139_Scan2-018-Full-ROI",-0.476811031500499,-0.0522943387428922,"Inv Cancer","Epithelial"
"LSP16139_Scan2-019-Full-ROI",1.45929708083471,0.252897178133328,"STIC.C","Epithelial"
"LSP16139_Scan2-020-Full-ROI",1.41752614577611,0.266118918855985,"STIC.C","Epithelial"
"LSP16139_Scan2-021-Full-ROI",1.49272336562475,0.108469878633817,"STIC.C","Epithelial"
"LSP16139_Scan2-022-Full-ROI",1.53134431441625,0.212099944551785,"STIC.C","Epithelial"
"LSP16139_Scan2-023-Full-ROI",1.44030417998632,0.224744235475858,"STIC.C","Epithelial"
"LSP16139_Scan2-024-Full-ROI",1.38085403045018,0.256777202089627,"STIC.C","Epithelial"
"LSP16139_Scan2-025-Full-ROI",1.53240050872167,0.249482547243436,"STIC.C","Epithelial"
"LSP16139_Scan2-026-Full-ROI",1.37901725371679,0.1574830164512,"STIC.C","Epithelial"
"LSP16139_Scan2-027-Full-ROI",1.1053308447202,0.335992728670438,"Cancer (Floating)","Stroma"
"LSP16142_Scan2-001-Full-ROI",2.16667499144872,-0.69649180273215,"STIC.C","Epithelial"
"LSP16142_Scan2-002-Full-ROI",-0.431364635626475,-1.13974055151145,"STIC.C","Stroma"
"LSP16142_Scan2-003-Full-ROI",2.45066823561986,-0.455845917264621,"STIC.C","Epithelial"
"LSP16142_Scan2-004-Full-ROI",-0.21218071381251,-0.0585752377907438,"STIC.C","Epithelial"
"LSP16142_Scan2-005-Full-ROI",2.47332515319188,-0.583307827512423,"STIC.C","Epithelial"
"LSP16142_Scan2-006-Full-ROI",2.41473521788915,-0.850352848569552,"STIC.C","Epithelial"
"LSP16142_Scan2-007-Full-ROI",1.32681359847387,-1.23423441747824,"p53 Signature.C","Epithelial"
"LSP16142_Scan2-008-Full-ROI",2.24730767806371,-0.636089409391086,"p53 Signature.C","Epithelial"
"LSP16142_Scan2-009-Full-ROI",-1.58401546875636,-0.161442841092746,"p53 Signature.C","Epithelial"
"LSP16142_Scan2-010-Full-ROI",0.645671268304189,-1.1010619054238,"STIC.C","Stroma"
"LSP16142_Scan2-011-Full-ROI",2.20336379607518,-0.674053753415744,"STIC.C","Epithelial"
"LSP16142_Scan2-012-Full-ROI",2.29076280196508,-0.570855225125949,"STIC.C","Epithelial"
"LSP16142_Scan2-013-Full-ROI",-0.35953293244044,-0.960960472623507,"STIC.C","Stroma"
"LSP16142_Scan2-014-Full-ROI",0.264981647332509,-1.45806797842185,"STIC.C","Stroma"
"LSP16142_Scan2-015-Full-ROI",2.19228400786718,-0.680729473630588,"STIC.C","Epithelial"
"LSP16142_Scan2-016-Full-ROI",2.14702977736791,-0.773547733823459,"STIC.C","Epithelial"
"LSP16145_Scan1-001-Full-ROI",-0.788994411627452,-1.90379246572653,"FT.C","Epithelial"
"LSP16145_Scan1-002-Full-ROI",-0.306373218695323,-1.97607430318991,"FT.C","Epithelial"
"LSP16145_Scan1-003-Full-ROI",-0.0858417550722761,-1.9101587186257,"FT.C","Epithelial"
"LSP16145_Scan1-004-Full-ROI",-0.16854343811671,-1.55490406850974,"Fimbriae.C","Epithelial"
"LSP16145_Scan1-005-Full-ROI",-0.425304035345714,-1.46731814245383,"Fimbriae.C","Epithelial"
"LSP16145_Scan1-006-Full-ROI",-0.130249599615733,-1.96576985220114,"Fimbriae.C","Epithelial"
"LSP16145_Scan1-011-Full-ROI",3.07783116896947,0.125785743196805,"Inv Cancer","Epithelial"
"LSP16145_Scan1-013-Full-ROI",3.31361522277196,0.185626422365506,"Inv Cancer","Epithelial"
"LSP16145_Scan1-014-Full-ROI",3.30300178130468,0.169145499666532,"Inv Cancer","Epithelial"
"LSP16145_Scan1-015-Full-ROI",3.34949245055517,0.242645656069119,"Inv Cancer","Epithelial"
"LSP16145_Scan1-020-Full-ROI",3.35904635985692,0.239622508486112,"STIC.C","Epithelial"
"LSP16145_Scan1-021-Full-ROI",3.15127219756444,-0.0985017667214079,"STIC.C","Epithelial"
"LSP16145_Scan1-022-Full-ROI",0.162946124871572,-1.45131834844748,"STIC.C","Stroma"
"LSP16145_Scan1-023-Full-ROI",3.4283722837766,0.344205771883328,"STIC.C","Epithelial"
"LSP16145_Scan1-024-Full-ROI",3.19455232222875,0.108096991976102,"STIC.C","Epithelial"
"LSP16145_Scan1-025-Full-ROI",3.33144893248876,0.195859824617703,"STIC.C","Epithelial"
"LSP16145_Scan1-026-Full-ROI",3.37880744536718,0.267931376894315,"STIC.C","Epithelial"
"LSP16148_Scan1-001-Full-ROI",0.11485089858373,-0.274366940061252,"STIC.C","Epithelial"
"LSP16148_Scan1-002-Full-ROI",0.186955352624257,-0.301486099759738,"STIC.C","Epithelial"
"LSP16148_Scan1-003-Full-ROI",0.411977668603261,-0.161653603116672,"STIC.C","Epithelial"
"LSP16148_Scan1-004-Full-ROI",0.318323036034902,-0.316099728147189,"Inv Cancer","Epithelial"
"LSP16148_Scan1-005-Full-ROI",0.416257282098134,-0.264452541867892,"Inv Cancer","Epithelial"
"LSP16148_Scan1-006-Full-ROI",0.46008958419164,-0.333063686887423,"Inv Cancer","Epithelial"
"LSP16148_Scan1-007-Full-ROI",0.246572395165761,-0.293371285001437,"Inv Cancer","Epithelial"
"LSP16148_Scan1-008-Full-ROI",0.168937106927236,-0.311005676786105,"Inv Cancer","Epithelial"
"LSP16148_Scan1-009-Full-ROI",0.221276660760243,-0.310827339688937,"Inv Cancer","Epithelial"
"LSP16151_Scan1-001-Full-ROI",2.85979070266088,0.23741761346658,"STIC.C","Epithelial"
"LSP16151_Scan1-002-Full-ROI",2.81590070327123,0.205117141207059,"STIC.C","Epithelial"
"LSP16151_Scan1-003-Full-ROI",-0.536892513434092,1.13636532922586,"STIC.C","Epithelial"
"LSP16151_Scan1-004-Full-ROI",2.62056722243627,-0.174785698453586,"STIC.C","Epithelial"
"LSP16151_Scan1-005-Full-ROI",2.81063975890477,0.122908030947049,"STIC.C","Epithelial"
"LSP16151_Scan1-006-Full-ROI",0.109584232171376,-2.19612368444602,"STIL.C","Epithelial"
"LSP16151_Scan1-007-Full-ROI",1.51498117049535,2.23365846772989,"p53 Signature.C","Epithelial"
"LSP16151_Scan1-008-Full-ROI",2.87547292311986,0.216799651583035,"STIC.C","Epithelial"
"LSP16154_Scan2-001-PanCK-",-2.0284524957339,-0.0475378880898161,"Inv Cancer","Stroma"
"LSP16154_Scan2-001-PanCK+",-1.4984584848086,0.569725429018338,"Inv Cancer","Epithelial"
"LSP16154_Scan2-002-PanCK-",-1.52914486328761,-0.264768208066623,"Inv Cancer","Stroma"
"LSP16154_Scan2-002-PanCK+",1.0470942457517,-1.49873312811057,"Inv Cancer","Epithelial"
"LSP16154_Scan2-003-Full-ROI",0.394649883111318,-2.20779141287009,"Inv Cancer","Epithelial"
"LSP16154_Scan2-004-Full-ROI",-0.0723138848940534,-1.84565504888694,"FT.C","Epithelial"
"LSP16154_Scan2-005-Full-ROI",-0.603193859259288,-1.33750590185324,"FT.C","Epithelial"
"LSP16154_Scan2-006-Full-ROI",-0.167239765326182,-1.9302798161904,"FT.C","Epithelial"
"LSP16154_Scan2-007-Full-ROI",-0.505022625128428,-1.90601691106955,"FT.C","Epithelial"
"LSP16154_Scan2-008-Full-ROI",-1.31135139862696,-0.372453297177951,"FT.C","Epithelial"
"LSP16154_Scan2-009-Full-ROI",-0.900765041510264,-1.57705029348532,"FT.C","Epithelial"
"LSP16154_Scan2-011-Full-ROI",-0.492249111334483,-1.37817438940207,"Fimbriae.C","Epithelial"
"LSP16154_Scan2-012-Full-ROI",-1.18895492951075,-0.115646923581759,"Fimbriae.C","Epithelial"
"LSP16154_Scan2-013-Full-ROI",-2.16217480103175,0.220958148439725,"Inv Cancer","Stroma"
"LSP16157_Scan1-001-Full-ROI",2.90896453460058,-1.65045508245627,"STIC.C","Epithelial"
"LSP16157_Scan1-002-Full-ROI",-1.19218120972315,1.38519469400247,"STIC.C","Stroma"
"LSP16157_Scan1-003-Full-ROI",2.79906262954076,-1.60491856435935,"STIC.C","Epithelial"
"LSP16157_Scan1-004-Full-ROI",-0.617161373297374,0.645659839113553,"STIC.C","Stroma"
"LSP16157_Scan1-005-Full-ROI",3.07234897216161,-1.5765839467446,"STIC.C","Epithelial"
"LSP16157_Scan1-006-Full-ROI",2.60638894637426,-1.64411696294944,"STIC.C","Epithelial"
"LSP16157_Scan1-007-Full-ROI",-0.731332401434581,-0.227655018369357,"STIC.C","Stroma"
"LSP16157_Scan1-008-Full-ROI",2.16765155394872,-1.44773396352927,"STIC.C","Epithelial"
"LSP16157_Scan1-009-Full-ROI",-1.4472528497378,1.23000088830789,"STIC.C","Stroma"
"LSP16157_Scan1-010-Full-ROI",0.639318843682607,0.969170485933621,"STIC.C","Stroma"
"LSP16157_Scan1-011-Full-ROI",2.79173078139623,-1.59717234472434,"STIC.C","Epithelial"
"LSP16157_Scan1-013-Full-ROI",2.43203391631444,-1.66325434545676,"STIC.C","Epithelial"
"LSP16157_Scan1-014-Full-ROI",-2.85104999939601,-0.499845112363498,"STIC.C","Stroma"
"LSP16157_Scan1-015-Full-ROI",2.51589526732763,-1.65045603613059,"STIC.C","Epithelial"
"LSP16157_Scan1-016-Full-ROI",2.97577609618505,-1.6077700505654,"STIC.C","Epithelial"
"LSP16157_Scan1-017-Full-ROI",-1.6607652703921,0.38493958612283,"STIC.C","Stroma"
"LSP16157_Scan1-018-Full-ROI",2.83968486388524,-1.60760935644309,"STIC.C","Epithelial"
"LSP16157_Scan1-019-Full-ROI",-2.93397293488185,-0.106221760312716,"STIC.C","Stroma"
"LSP16157_Scan1-020-Full-ROI",2.70292749007543,-1.44444855550925,"STIC.C","Epithelial"
"LSP16157_Scan1-021-Full-ROI",3.32499255736669,-1.72210654119651,"Inv Cancer","Epithelial"
"LSP16157_Scan1-022-Full-ROI",-3.36712704102198,2.6484133352836,"Inv Cancer","Stroma"
"LSP16157_Scan1-023-Full-ROI",3.15175904830297,-1.8316059956948,"Inv Cancer","Epithelial"
"LSP16157_Scan1-024-Full-ROI",-1.03074989716212,1.96232620378335,"Inv Cancer","Stroma"
"LSP16157_Scan1-025-Full-ROI",3.27542819579442,-1.69375618795554,"Inv Cancer","Epithelial"
"LSP16157_Scan1-026-Full-ROI",3.32307090361913,-1.73593386511008,"Inv Cancer","Epithelial"
"LSP16157_Scan1-027-Full-ROI",3.29004706939061,-1.73561962942282,"Inv Cancer","Epithelial"
"LSP16157_Scan1-028-Full-ROI",-1.02074299256007,1.37222758432229,"Inv Cancer","Stroma"
"LSP16157_Scan1-029-Full-ROI",3.33211078246435,-1.74266060690085,"Inv Cancer","Epithelial"
"LSP16157_Scan1-030-Full-ROI",-0.915814022223155,1.23250619073709,"Inv Cancer","Stroma"
"LSP16157_Scan1-031-Full-ROI",3.33791341384252,-1.7139335523049,"Inv Cancer","Epithelial"
"LSP16157_Scan1-032-Full-ROI",-0.738145450750987,0.756518756349881,"Inv Cancer","Stroma"
"LSP16157_Scan1-033-Full-ROI",3.33072986205419,-1.76516827444236,"Inv Cancer","Epithelial"
"LSP16157_Scan1-034-Full-ROI",3.27666320403417,-1.73409661153952,"Inv Cancer","Epithelial"
"LSP16157_Scan1-035-Full-ROI",-1.31401787201564,1.10824385782083,"STIC.C","Stroma"
"LSP16160_Scan2-001-Full-ROI",3.29767360289892,0.959416781862577,"Inv Cancer","Epithelial"
"LSP16160_Scan2-002-Full-ROI",3.2385734518369,0.924435531099637,"Inv Cancer","Epithelial"
"LSP16160_Scan2-003-Full-ROI",3.34520377715429,0.854954158266385,"Inv Cancer","Epithelial"
"LSP16160_Scan2-004-Full-ROI",1.01622905333837,1.22873250146707,"Inv Cancer","Epithelial"
"LSP16160_Scan2-005-Full-ROI",3.33212079604467,1.15858069558938,"Inv Cancer","Epithelial"
"LSP16160_Scan2-006-Full-ROI",3.2170685728391,1.02595702310403,"Inv Cancer","Epithelial"
"LSP16160_Scan2-007-PanCK-",0.442670245965322,0.879392062624295,"Inv Cancer","Stroma"
"LSP16160_Scan2-007-PanCK+",3.35373248656591,0.90388194223245,"Inv Cancer","Epithelial"
"LSP16160_Scan2-008-PanCK-",0.524588485558827,0.988527213533719,"Inv Cancer","Stroma"
"LSP16160_Scan2-008-PanCK+",3.23945464690526,1.05599537988504,"Inv Cancer","Epithelial"
"LSP16160_Scan2-009-Full-ROI",3.281602760156,1.02959719796975,"Inv Cancer","Epithelial"
"LSP16160_Scan2-010-Full-ROI",-0.954387287298839,-1.86892231802146,"STIC.C","Epithelial"
"LSP16160_Scan2-011-Full-ROI",0.259693523248036,-1.94961222509543,"STIC.C","Epithelial"
"LSP16160_Scan2-012-Full-ROI",3.2655099829038,0.917295848329862,"STIC.C","Epithelial"
"LSP16160_Scan2-013-Full-ROI",3.32159032424291,1.00909749170144,"STIC.C","Epithelial"
"LSP16160_Scan2-014-Full-ROI",3.26219501097997,0.939565097292264,"STIC.C","Epithelial"
"LSP16160_Scan2-015-Full-ROI",0.972651859124501,1.13534966607889,"Cancer (Floating)","Epithelial"
"LSP16160_Scan2-016-Full-ROI",3.32132997115453,0.939840709169705,"STIC.C","Epithelial"
"LSP16160_Scan2-017-Full-ROI",3.32792272170385,1.01987925668557,"STIC.C","Epithelial"
"LSP16160_Scan2-018-Full-ROI",3.22125711043676,1.1723755945762,"Cancer (Floating)","Epithelial"
"LSP16160_Scan2-019-Full-ROI",-1.33938560883204,-0.963591183225314,"FT.C","Epithelial"
"LSP16160_Scan2-020-Full-ROI",-1.07423839966456,-1.20945509771506,"FT.C","Epithelial"
"LSP16160_Scan2-021-Full-ROI",-1.14973793427149,-1.29393633703391,"FT.C","Epithelial"
"LSP16160_Scan2-022-Full-ROI",0.76852931578954,0.947421466310819,"Inv Cancer","Stroma"
"LSP16160_Scan2-023-Full-ROI",0.714241882165273,1.05123129983743,"Inv Cancer","Stroma"
"LSP16160_Scan2-024-Full-ROI",0.518023391564687,1.04215232034524,"Inv Cancer","Stroma"
"LSP17723_Scan1-001-Full-ROI",-0.684487919012706,-1.5827103505532,"STIC.C","Epithelial"
"LSP17723_Scan1-002-Full-ROI",0.0461734731992083,-1.63836487631003,"STIC.C","Epithelial"
"LSP17723_Scan1-003-Full-ROI",-1.15794907013575,-0.675087536374728,"STIC.C","Stroma"
"LSP17723_Scan1-004-Full-ROI",-1.13602695862452,0.810957824190457,"STIC.C","Stroma"
"LSP17723_Scan1-005-Full-ROI",-2.34019527832667,-0.661102379361789,"STIC.C","Stroma"
"LSP17723_Scan1-006-Full-ROI",-0.166266063849132,-1.48011025289694,"STIC.C","Epithelial"
"LSP17723_Scan1-007-Full-ROI",-0.670831302801768,-1.1920829663674,"STIC.C","Epithelial"
"LSP17723_Scan1-008-Full-ROI",-1.59689197937648,-0.488955105344455,"STIC.C","Stroma"
"LSP17723_Scan1-009-Full-ROI",-1.65876446167628,0.906719600160916,"STIC.C","Stroma"
"LSP17723_Scan1-010-Full-ROI",-1.49708424011866,0.215151702364285,"STIC.C","Stroma"
"LSP17723_Scan1-011-Full-ROI",-0.353996853033702,-1.29749401907126,"STIC.C","Epithelial"
"LSP17723_Scan1-012-Full-ROI",-1.28510532776515,-1.28985985616843,"p53 Signature.C","Epithelial"
"LSP17723_Scan1-013-Full-ROI",-1.38304005066554,-0.512881363431613,"p53 Signature.C","Epithelial"
"LSP17723_Scan1-014-Full-ROI",-3.13366947571437,0.24159995218118,"p53 Signature.C","Stroma"
"LSP17723_Scan1-015-Full-ROI",-1.2335077325503,-1.36844309667746,"p53 Signature.C","Epithelial"
"LSP17723_Scan1-016-Full-ROI",-2.32535229126612,-0.160573090116183,"p53 Signature.C","Stroma"
"LSP17723_Scan1-017-Full-ROI",-1.22705612579982,-0.626316631833713,"p53 Signature.C","Epithelial"
"LSP17723_Scan1-018-Full-ROI",-1.92982921997706,-0.21375426153342,"p53 Signature.C","Stroma"
"LSP17723_Scan1-019-Full-ROI",-1.38653431336085,-0.478058422605197,"p53 Signature.C","Epithelial"
"LSP17723_Scan1-020-Full-ROI",-3.31669006745021,2.58679357667764,"p53 Signature.C","Stroma"
"LSP17723_Scan1-021-Full-ROI",-1.61124763886134,-0.483240688840548,"p53 Signature.C","Epithelial"
"LSP17727_Scan1-001-Full-ROI",1.75803937514623,-1.4750328908364,"STIC.C","Epithelial"
"LSP17727_Scan1-002-Full-ROI",-0.692813495794932,-1.03305682043235,"STIC.C","Stroma"
"LSP17727_Scan1-004-Full-ROI",1.84364022811254,-1.47825821737448,"Inv Cancer","Epithelial"
"LSP17727_Scan1-007-Full-ROI",0.845510860284169,-1.32380207876364,"Inv Cancer","Stroma"
"LSP17727_Scan1-008-Full-ROI",1.73928727706273,-1.45787199834983,"Inv Cancer","Epithelial"
"LSP17727_Scan1-009-Full-ROI",1.65866412719091,-1.51937350134055,"STIC.C","Epithelial"
"LSP17731_Scan1-001-Full-ROI",2.19752540191015,-0.00969418386618326,"Inv Cancer","Epithelial"
"LSP17731_Scan1-002-Full-ROI",2.2244247396787,0.00472870965798666,"Inv Cancer","Epithelial"
"LSP17731_Scan1-003-Full-ROI",2.56933106978734,-0.306626881162326,"STIC.C","Epithelial"
"LSP17731_Scan1-004-Full-ROI",-2.4198680917422,-0.319149101773898,"STIC.C","Stroma"
"LSP17731_Scan1-005-Full-ROI",2.58032788832982,-0.0615764508644743,"STIC.C","Epithelial"
"LSP17731_Scan1-006-Full-ROI",-2.19504604736964,-0.652485931913058,"STIC.C","Stroma"
"LSP17731_Scan1-007-Full-ROI",2.55309667189916,-0.0313835988442106,"STIC.C","Epithelial"
"LSP17731_Scan1-008-Full-ROI",-1.81315002838771,-1.17629298071067,"STIC.C","Stroma"
"LSP17731_Scan1-009-Full-ROI",2.06117190917333,-0.0495601544777555,"Inv Cancer","Epithelial"
"LSP17731_Scan1-010-Full-ROI",-2.65820370117823,-0.0231538663307829,"Inv Cancer","Stroma"
"LSP17731_Scan1-011-Full-ROI",2.15108337004979,-0.0156169782082243,"Inv Cancer","Epithelial"
"LSP17731_Scan1-012-Full-ROI",-2.72651920715968,-0.0913196454445524,"Inv Cancer","Stroma"
"LSP17731_Scan1-015-Full-ROI",2.5179981191953,-0.145407761136691,"STIC.C","Epithelial"
"LSP17731_Scan1-017-Full-ROI",2.56732787688573,-0.142174805204074,"STIC.C","Epithelial"
"LSP17763_Scan1-001-Full-ROI",-1.01675758759181,-1.0493884931008,"Incidental FT","Epithelial"
"LSP17763_Scan1-002-Full-ROI",-2.82604179779689,-0.392326916257541,"Incidental FT","Stroma"
"LSP17763_Scan1-003-Full-ROI",-0.0691457788149519,-1.7858615765969,"Incidental p53sig","Epithelial"
"LSP17763_Scan1-004-Full-ROI",-0.781159023443858,-1.06622036794821,"Incidental p53sig","Stroma"
"LSP17763_Scan1-005-Full-ROI",0.0760721166928606,-2.09083327154319,"Incidental p53sig","Epithelial"
"LSP17763_Scan1-006-Full-ROI",-2.47908554474513,-0.901759708921115,"Incidental p53sig","Stroma"
"LSP17763_Scan1-007-Full-ROI",-0.717355350653331,-1.37812765936057,"Incidental p53sig","Epithelial"
"LSP17763_Scan1-008-Full-ROI",-2.3609720269839,0.241449271639188,"Incidental p53sig","Stroma"
"LSP17803_Scan1-001-Full-ROI",-0.096534351507823,-1.65284260610739,"Incidental FT","Epithelial"
"LSP17803_Scan1-002-Full-ROI",-1.00381145874659,-1.11954888204734,"Incidental FT","Stroma"
"LSP17803_Scan1-003-Full-ROI",-0.209381679693858,-1.81337651113669,"Incidental FT","Epithelial"
"LSP17803_Scan1-004-Full-ROI",-2.65119324127833,0.00186005731423666,"Incidental FT","Stroma"
"LSP17803_Scan1-005-Full-ROI",0.0726722677548723,-1.81221398214499,"Incidental p53sig","Epithelial"
"LSP17803_Scan1-006-Full-ROI",0.0322774847348528,-1.83208950857321,"Incidental p53sig","Epithelial"
"LSP17803_Scan1-007-Full-ROI",-0.167379001776378,-1.91992148260276,"Incidental p53sig","Epithelial"
"LSP17819_Scan1-001-Full-ROI",-0.225957492987315,-2.68737944463889,"Incidental p53sig","Epithelial"
"LSP17819_Scan1-002-Full-ROI",-2.50175342957179,0.12966672082742,"Incidental p53sig","Stroma"
"LSP17819_Scan1-003-Full-ROI",-3.39488659302394,2.67779437204202,"Incidental p53sig","Epithelial"
"LSP17819_Scan1-004-Full-ROI",-0.155951122442882,-1.75235852102439,"Incidental FT","Epithelial"
"LSP17819_Scan1-005-Full-ROI",-0.190809826056163,-2.26397189001242,"Incidental FT","Epithelial"
"LSP17819_Scan1-006-Full-ROI",-0.198357204596202,-2.00969752172629,"Incidental FT","Epithelial"
"LSP17819_Scan1-007-Full-ROI",-0.0236693421999616,-2.14167221883933,"Incidental FT","Epithelial"
"LSP17823_Scan1-001-Full-ROI",-1.00929127136866,-1.51982792715232,"Incidental p53sig","Epithelial"
"LSP17823_Scan1-002-Full-ROI",-3.39967976013819,2.6732153048118,"Incidental p53sig","Stroma"
"LSP17823_Scan1-003-Full-ROI",-1.49428425232569,-0.836463535825412,"Incidental p53sig","Epithelial"
"LSP17823_Scan1-004-Full-ROI",-1.47213135162989,-0.834153259793918,"Incidental FT","Epithelial"
"LSP17823_Scan1-005-Full-ROI",-0.131962398687999,-2.19691618780295,"Incidental p53sig","Epithelial"
"LSP17823_Scan1-006-Full-ROI",-0.0911842385927839,-2.20651635030905,"Incidental p53sig","Epithelial"
"LSP17823_Scan1-007-Full-ROI",-0.358829120794932,-1.61801108221213,"Incidental p53sig","Epithelial"
"LSP17823_Scan1-008-Full-ROI",-1.97068844238917,0.617420112093289,"Incidental p53sig","Stroma"
"LSP17823_Scan1-009-Full-ROI",-1.33040390412013,-1.34936245779196,"Incidental FT","Epithelial"
"LSP17823_Scan1-010-Full-ROI",-2.98843250672023,0.192891036470731,"Incidental FT","Stroma"
"LSP17823_Scan1-011-Full-ROI",-3.10534248749415,0.0184001078208285,"Incidental FT","Stroma"
"LSP17823_Scan1-012-Full-ROI",-1.4516759912173,-0.881225193540256,"Incidental FT","Epithelial"
"LSP17823_Scan1-013-Full-ROI",-2.80940971771876,0.186792289217313,"Incidental FT","Stroma"
"LSP17851_Scan1-001-Full-ROI",-0.928813556830089,-1.33717974523703,"Incidental p53sig","Epithelial"
"LSP17851_Scan1-002-Full-ROI",-0.897019962469737,-1.13709601263205,"Incidental p53sig","Epithelial"
"LSP17851_Scan1-003-Full-ROI",-0.982215503851573,-1.9003053555886,"Incidental p53sig","Epithelial"
"LSP17851_Scan1-004-Full-ROI",-0.371163944403331,-1.77580889562766,"Incidental p53sig","Epithelial"
"LSP17851_Scan1-006-Full-ROI",-0.9754625360171,-1.21747835973899,"Incidental p53sig","Stroma"
"LSP17851_Scan1-008-Full-ROI",-3.37591991821925,2.64701024194558,"Incidental p53sig","Stroma"
"LSP17851_Scan1-009-Full-ROI",-3.35003147522608,2.62221447130044,"Incidental p53sig","Stroma"
"LSP17851_Scan1-010-Full-ROI",-1.93359527985255,-0.327236736814181,"Incidental p53sig","Epithelial"
"LSP17851_Scan1-011-Full-ROI",-1.84861908356349,-0.602039898435275,"Incidental p53sig","Epithelial"
"LSP18302_scan1-001-Full-ROI",-1.68799648682276,-0.382323826352756,"Incidental STIC","Epithelial"
"LSP18302_scan1-002-Full-ROI",-2.92742119232814,-0.408482159177463,"Incidental STIC","Stroma"
"LSP18302_scan1-003-Full-ROI",0.622753997643788,-1.78572329382102,"Incidental STIC","Epithelial"
"LSP18302_scan1-004-Full-ROI",-2.83101139465968,0.152677928407987,"Incidental STIC","Stroma"
"LSP18302_scan1-005-Full-ROI",0.619181056817372,-1.76573523382346,"Incidental STIC","Epithelial"
"LSP18302_scan1-006-Full-ROI",-2.37070141235987,-0.297864521543185,"Incidental STIC","Stroma"
"LSP18302_scan1-007-Full-ROI",0.707184692223866,-1.68738182882468,"Incidental STIC","Epithelial"
"LSP18302_scan1-008-Full-ROI",-2.3780447045962,-0.167578304807345,"Incidental STIC","Stroma"
"LSP18302_scan1-009-Full-ROI",0.65608682235082,-1.71230753759543,"Incidental STIC","Epithelial"
"LSP18302_scan1-010-Full-ROI",-2.36177311340968,-0.259933556119601,"Incidental STIC","Stroma"
"LSP18302_scan1-011-Full-ROI",0.609776397546132,-1.75602635244528,"Incidental STIC","Epithelial"
"LSP18302_scan1-012-Full-ROI",-2.77936802307765,-0.169333065549533,"Incidental STIC","Stroma"
"LSP18302_scan1-013-Full-ROI",-2.11523018280665,-0.168521965543429,"Incidental FT","Epithelial"
"LSP18302_scan1-014-Full-ROI",-2.70830784241358,0.210817252596219,"Incidental FT","Stroma"
"LSP18302_scan1-015-Full-ROI",-2.27236996094386,-0.300060356656711,"Incidental FT","Epithelial"
"LSP18302_scan1-016-Full-ROI",-2.88171635071437,0.20962277551492,"Incidental FT","Stroma"
"LSP18302_scan1-017-Full-ROI",-1.62061462799708,-0.583012188474338,"Incidental Fimbriae","Epithelial"
"LSP18302_scan1-018-Full-ROI",-2.86362324158351,-0.0468188176552458,"Incidental Fimbriae","Stroma"
"LSP18302_scan1-020-Full-ROI",-2.75695190827052,0.154201423128446,"Incidental Fimbriae","Stroma"
"LSP18306_scan1-001-Full-ROI",0.718180080254872,-2.41864642004172,"Incidental STIC","Epithelial"
"LSP18306_scan1-002-Full-ROI",-1.31006584564845,-1.22824009756247,"Incidental STIC","Stroma"
"LSP18306_scan1-003-Full-ROI",0.767462154229482,-2.3241597066323,"Incidental STIC","Epithelial"
"LSP18306_scan1-004-Full-ROI",0.69356240828832,-2.26471957067649,"Incidental STIC","Epithelial"
"LSP18306_scan1-005-Full-ROI",0.0969222982724505,-3.0629325757424,"Incidental Fimbriae","Epithelial"
"LSP18306_scan1-006-Full-ROI",-2.56119213501612,-0.267066086332004,"Incidental Fimbriae","Stroma"
"LSP18306_scan1-007-Full-ROI",0.118864913781484,-3.14654883245627,"Incidental Fimbriae","Epithelial"
"LSP18306_scan1-008-Full-ROI",0.146516700585683,-3.07598456243674,"Incidental Fimbriae","Epithelial"
"LSP18306_scan1-009-Full-ROI",-2.826373676459,-0.11779888967673,"Incidental Fimbriae","Stroma"
"LSP18310_scan1-001-Full-ROI",0.573380847771962,-2.16197785238425,"Incidental STIC","Epithelial"
"LSP18310_scan1-002-Full-ROI",-2.68364963928858,-0.228615368405978,"Incidental STIC","Stroma"
"LSP18310_scan1-003-Full-ROI",0.465541263421376,-2.06416758398215,"Incidental STIC","Epithelial"
"LSP18310_scan1-004-Full-ROI",-2.65035496155421,-0.00728854040304849,"Incidental STIC","Stroma"
"LSP18310_scan1-005-Full-ROI",-0.641030887762706,-1.75414904455344,"Incidental STIC","Epithelial"
"LSP18310_scan1-006-Full-ROI",-2.54075394074122,-0.173190678159396,"Incidental STIC","Stroma"
"LSP18310_scan1-007-Full-ROI",-0.975310901800792,-1.60074576238791,"Incidental STIC","Epithelial"
"LSP18310_scan1-008-Full-ROI",-1.07997665802638,-1.49699028829734,"Incidental STIC","Epithelial"
"LSP18310_scan1-009-Full-ROI",-3.07417259613673,-0.0607272038857145,"Incidental STIC","Stroma"
"LSP18310_scan1-010-Full-ROI",-0.774520496527354,-2.05740650991599,"Incidental Fimbriae","Epithelial"
"LSP18310_scan1-011-Full-ROI",-2.62148723999659,-0.723569954435031,"Incidental Fimbriae","Stroma"
"LSP18310_scan1-012-Full-ROI",-0.29360161225001,-2.15552767614524,"Incidental Fimbriae","Epithelial"
"LSP18310_scan1-013-Full-ROI",-2.59599361817042,-0.524066532651584,"Incidental Fimbriae","Stroma"
"LSP18310_scan1-014-Full-ROI",-0.436796764532725,-2.24823292593161,"Incidental FT","Epithelial"
"LSP18310_scan1-015-Full-ROI",-2.94241295258204,-0.171235168973605,"Incidental FT","Stroma"
"LSP18310_scan1-016-Full-ROI",-0.390805820624034,-2.34753187994162,"Incidental FT","Epithelial"
"LSP18310_scan1-017-Full-ROI",-2.26896725098292,-1.18810900549094,"Incidental FT","Stroma"
"LSP18310_scan1-018-Full-ROI",-0.568857769171397,-2.26461132864157,"Incidental FT","Epithelial"
"LSP18310_scan1-019-Full-ROI",-3.00265274445216,-0.333762730161349,"Incidental FT","Stroma"
"LSP18314_scan1-003-Full-ROI",0.30074014266332,-2.1583972821633,"Incidental STIC","Epithelial"
"LSP18314_scan1-004-Full-ROI",-2.31030426422755,0.0110200991233187,"Incidental STIC","Stroma"
"LSP18314_scan1-015-Full-ROI",0.225113769372304,-2.26002796987693,"Incidental Fimbriae","Epithelial"
"LSP18314_scan1-023-Full-ROI",-0.15684852997462,-2.8021903882424,"Incidental Fimbriae","Epithelial"
"LSP18314_scan1-026-Full-ROI",-2.24204788605372,-0.0672527203957243,"Incidental STIC","Stroma"
"LSP18318_scan1-001-Full-ROI",-0.603930095831553,-2.12566717962424,"Incidental Fimbriae","Epithelial"
"LSP18318_scan1-002-Full-ROI",-2.65932140747706,-0.215283478299777,"Incidental Fimbriae","Stroma"
"LSP18318_scan1-003-Full-ROI",-0.657532314459483,-2.04742821554343,"Incidental Fimbriae","Epithelial"
"LSP18318_scan1-004-Full-ROI",-2.64764080444972,-0.0663190732399626,"Incidental Fimbriae","Stroma"
"LSP18318_scan1-005-Full-ROI",-0.454462627569835,-2.17341431478659,"Incidental Fimbriae","Epithelial"
"LSP18318_scan1-006-Full-ROI",-0.838661770025889,-1.5949731717507,"Incidental Fimbriae","Stroma"
"LSP18318_scan1-007-Full-ROI",-2.84069309631983,-0.291024292508761,"Incidental Fimbriae","Epithelial"
"LSP18318_scan1-008-Full-ROI",-3.02810631195704,-0.0792966733376188,"Incidental Fimbriae","Stroma"
"LSP18318_scan1-009-Full-ROI",-0.729342083136241,-1.714087570707,"Incidental Fimbriae","Epithelial"
"LSP18318_scan1-010-Full-ROI",-2.90537224213282,-0.0909262547890348,"Incidental Fimbriae","Stroma"
"LSP18318_scan1-011-Full-ROI",-0.762407879034678,-2.00789364675681,"Incidental Fimbriae","Epithelial"
"LSP18318_scan1-012-Full-ROI",-3.05201683441798,-0.143850887815158,"Incidental Fimbriae","Stroma"
"LSP18318_scan1-013-Full-ROI",-0.649989704291026,-1.73839434484641,"Incidental FT","Epithelial"
"LSP18318_scan1-014-Full-ROI",-2.53598556915919,-0.486927593747775,"Incidental FT","Stroma"
"LSP18318_scan1-015-Full-ROI",-0.765621761480967,-1.71118458608786,"Incidental FT","Epithelial"
"LSP18318_scan1-016-Full-ROI",-2.18965206543605,-0.531852806607882,"Incidental FT","Stroma"
"LSP18318_scan1-017-Full-ROI",-0.538985828558604,-1.86605700353781,"Incidental FT","Epithelial"
"LSP18318_scan1-018-Full-ROI",-2.80605755249659,-0.353842819730441,"Incidental FT","Stroma"
"LSP18318_scan1-019-Full-ROI",-0.867456058661143,-1.61728628973166,"Incidental FT","Epithelial"
"LSP18318_scan1-020-Full-ROI",-2.59855709473292,-0.539089764157931,"Incidental FT","Epithelial"
"LSP18318_scan1-021-Full-ROI",-0.709242443243663,-1.79738959173361,"Incidental FT","Stroma"
"LSP19407_Scan1-001-Full-ROI",-0.725362400213878,-3.44869574407736,"Incidental p53sig","Epithelial"
"LSP19407_Scan1-002-Full-ROI",-1.09408817688624,0.772375976045926,"Incidental p53sig","Stroma"
"LSP19407_Scan1-003-Full-ROI",-0.640560726324717,-3.70907076696555,"Incidental FT","Epithelial"
"LSP19407_Scan1-004-Full-ROI",-0.580546955267589,-3.51961001257102,"Incidental p53sig","Epithelial"
"LSP19407_Scan1-005-Full-ROI",-0.751986126104991,-3.25891264776389,"Incidental FT","Epithelial"
"LSP19407_Scan1-006-Full-ROI",-2.43889103333155,0.398383056124051,"Incidental FT","Stroma"
"LSP19407_Scan1-007-Full-ROI",-0.663951496283214,-3.59679850439231,"Incidental FT","Epithelial"
"LSP19407_Scan1-008-Full-ROI",-1.27116547028224,-2.11647662023703,"Incidental FT","Stroma"
"LSP19407_Scan1-009-Full-ROI",-0.770289997259776,-3.03979452947776,"Incidental p53sig","Epithelial"
"LSP19407_Scan1-010-Full-ROI",-1.46087894837062,1.07069960733255,"Incidental p53sig","Stroma"
"LSP19409_Scan1-001-Full-ROI",-1.24283180634181,-2.47064837316672,"Incidental p53sig","Epithelial"
"LSP19409_Scan1-002-Full-ROI",-0.33289776245753,-3.89203127721945,"Incidental p53sig","Epithelial"
"LSP19409_Scan1-003-Full-ROI",-3.42131290833155,2.69968691964944,"Incidental p53sig","Epithelial"
"LSP19409_Scan1-004-Full-ROI",-1.92062340180079,0.614687358339627,"Incidental p53sig","Stroma"
"LSP19409_Scan1-005-Full-ROI",-1.0704160730044,0.944536124666532,"Incidental p53sig","Epithelial"
"LSP19409_Scan1-007-Full-ROI",-0.460331539312999,-4.05002745489279,"Incidental p53sig","Epithelial"
"LSP19409_Scan1-008-Full-ROI",-0.667867283026378,-3.14164503912131,"Incidental p53sig","Epithelial"
"LSP19409_Scan1-009-Full-ROI",-2.54917011658351,-0.861227596799533,"Incidental p53sig","Stroma"
"LSP19409_Scan1-010-Full-ROI",-0.5541978875796,-3.65496119360129,"Incidental FT","Epithelial"
"LSP19409_Scan1-011-Full-ROI",-2.9096084634463,-0.46463784078757,"Incidental FT","Stroma"
"LSP19409_Scan1-012-Full-ROI",-0.931178669134776,-2.68792590002219,"Incidental FT","Epithelial"
"LSP19409_Scan1-013-Full-ROI",-2.00237808624903,0.82385674615701,"Incidental FT","Stroma"
"LSP19411_Scan1-003-Full-ROI",-0.370231250921885,-4.08508643011252,"Incidental p53sig","Epithelial"
"LSP19411_Scan1-005-Full-ROI",-0.469065288702647,-4.32938822607199,"Incidental p53sig","Epithelial"
"LSP19411_Scan1-006-Full-ROI",-0.299128154913585,-4.31022604803244,"Incidental p53sig","Epithelial"
"LSP19411_Scan1-007-Full-ROI",-0.23017559448878,-4.23107203344504,"Incidental p53sig","Epithelial"
"LSP19411_Scan1-008-Full-ROI",-0.392378429571788,-4.3522039304177,"Incidental p53sig","Epithelial"
"LSP19411_Scan1-009-Full-ROI",-0.375871280829112,-4.22934111456076,"Incidental p53sig","Epithelial"
"LSP19411_Scan1-010-Full-ROI",-0.225060085455577,-4.12584360937278,"Incidental p53sig","Epithelial"
"LSP19411_Scan1-011-Full-ROI",-0.361782650152842,-4.38959559301535,"Incidental Fimbriae","Epithelial"
"LSP19411_Scan1-012-Full-ROI",-0.363461116949717,-4.31780203680197,"Incidental Fimbriae","Epithelial"
"LSP19411_Scan1-013-Full-ROI",-3.41206322113673,2.69534674783548,"Incidental Fimbriae","Stroma"
"LSP19411_Scan1-014-Full-ROI",-0.269650081793467,-4.31127795080344,"Incidental Fimbriae","Epithelial"
"LSP19411_Scan1-015-Full-ROI",-1.29223022858302,1.30707875390847,"Incidental Fimbriae","Stroma"
"LSP19411_Scan1-016-Full-ROI",-0.24468861023585,-4.20443400243918,"Incidental p53sig","Epithelial"
"LSP19411_Scan1-017-Full-ROI",-0.255026439825694,-4.30778750280539,"Incidental p53sig","Epithelial"
"LSP19411_Scan1-019-Full-ROI",-0.346047977606456,-4.31855543951194,"Incidental Fimbriae","Epithelial"
"LSP19411_Scan1-020-Full-ROI",-0.320024112860362,-4.29756125311057,"Incidental Fimbriae","Epithelial"
"LSP19411_Scan1-021-Full-ROI",-0.318677524725596,-4.32003268102805,"Incidental Fimbriae","Epithelial"
"LSP19411_Scan1-022-Full-ROI",-0.395366291205089,-4.22288283209006,"Incidental Fimbriae","Epithelial"
"LSP19411_Scan1-023-Full-ROI",-0.217080692450206,-4.19235476354758,"Incidental Fimbriae","Epithelial"
"LSP19411_Scan1-024-Full-ROI",-0.475591282049815,-4.03547533849875,"Incidental Fimbriae","Stroma"
"LSP19411_Scan1-025-Full-ROI",-0.314926723639171,-4.35642393926779,"Incidental Fimbriae","Epithelial"
"LSP19413_Scan1-001-Full-ROI",-0.382950405279796,-2.91702708105246,"Incidental STIC","Epithelial"
"LSP19413_Scan1-002-Full-ROI",-0.449259380499522,-2.90697344640891,"Incidental STIC","Epithelial"
"LSP19413_Scan1-003-Full-ROI",-0.322647670904796,-2.90743979314963,"Incidental STIC","Epithelial"
"LSP19413_Scan1-004-Full-ROI",-0.812110523382823,1.10154429574807,"Incidental STIC","Stroma"
"LSP19413_Scan1-005-Full-ROI",-1.60513935486476,0.762195979555448,"Incidental STIC","Stroma"
"LSP19413_Scan1-006-Full-ROI",-0.645211795965831,-3.33485564092795,"Incidental FT","Epithelial"
"LSP19413_Scan1-007-Full-ROI",-2.39523086945216,0.245468055208524,"Incidental FT","Stroma"
"LSP19413_Scan1-008-Full-ROI",-0.482761005560557,-3.37276514867942,"Incidental Fimbriae","Epithelial"
"LSP19413_Scan1-009-Full-ROI",-0.916549305121104,-2.66740950445334,"Incidental Fimbriae","Stroma"
"LSP19413_Scan1-010-Full-ROI",-0.939537624518077,-2.88244971136252,"Incidental Fimbriae","Stroma"
"LSP19413_Scan1-011-Full-ROI",-0.651893238226573,-3.18906267980735,"Incidental Fimbriae","Epithelial"
"LSP19413_Scan1-012-Full-ROI",-2.55626926819483,-0.673999870816867,"Incidental Fimbriae","Stroma"
"LSP19413_Scan1-013-Full-ROI",-0.642728428045909,-3.28599032262961,"Incidental FT","Epithelial"
"LSP19413_Scan1-014-Full-ROI",-2.6688972512881,-0.0930553327004118,"Incidental FT","Stroma"
"LSP19417_Scan1-001-Full-ROI",-2.47295627991358,-0.0946889768044157,"Inv Cancer","Epithelial"
"LSP19417_Scan1-002-Full-ROI",-2.69723091522853,0.166536723574002,"Inv Cancer","Stroma"
"LSP19417_Scan1-003-Full-ROI",-1.37872372070948,1.13242474695047,"Inv Cancer","Stroma"
"LSP19417_Scan1-004-Full-ROI",0.282325645287831,-2.58596953252951,"Inv Cancer","Epithelial"
"LSP19417_Scan1-005-Full-ROI",0.239168067773183,-2.59679850439231,"Inv Cancer","Epithelial"
"LSP19417_Scan1-006-Full-ROI",0.4064315756162,-2.68583639959494,"Inv Cancer","Epithelial"
"LSP19417_Scan1-007-Full-ROI",0.341600795586904,-2.55745848516623,"Inv Cancer","Epithelial"
"LSP19417_Scan1-008-Full-ROI",-1.7975536386172,0.764714156587918,"Inv Cancer","Stroma"
"LSP19417_Scan1-009-Full-ROI",-1.94006309906642,1.0062789072593,"Inv Cancer","Stroma"
"LSP19417_Scan1-010-Full-ROI",-0.78199444214503,-2.92082556585471,"Fimbriae.C","Epithelial"
"LSP19417_Scan1-011-Full-ROI",-0.638578991095225,-3.14030798772971,"Fimbriae.C","Epithelial"
"LSP19417_Scan1-012-Full-ROI",-0.822038273016612,-2.63623770574729,"Fimbriae.C","Stroma"
"LSP19417_Scan1-013-Full-ROI",-0.61346302429835,-3.05285605291526,"FT.C","Epithelial"
"LSP19421_Scan1-001-Full-ROI",-0.816412548224132,-2.45755680898825,"Incidental STIC","Epithelial"
"LSP19421_Scan1-002-Full-ROI",1.34779729445775,-3.35047015051047,"Incidental STIC","Epithelial"
"LSP19421_Scan1-003-Full-ROI",-1.03898868958155,-2.52067145208518,"Incidental STIC","Stroma"
"LSP19421_Scan1-004-Full-ROI",1.33222474654516,-3.36010607580344,"Incidental STIC","Epithelial"
"LSP19421_Scan1-005-Full-ROI",-2.65678558746974,-0.605566109220187,"Incidental STIC","Stroma"
"LSP19421_Scan1-006-Full-ROI",1.28635015090307,-3.41828974584738,"Incidental STIC","Epithelial"
"LSP19421_Scan1-007-Full-ROI",-2.42972145477931,-0.231977547208468,"Incidental STIC","Stroma"
"LSP19421_Scan1-008-Full-ROI",1.36535348494848,-3.3457284818093,"Incidental STIC","Epithelial"
"LSP19421_Scan1-009-Full-ROI",1.33721007903417,-3.35850867132346,"Incidental STIC","Epithelial"
"LSP19421_Scan1-010-Full-ROI",-2.50196514527003,-0.524445618192355,"Incidental STIC","Stroma"
"LSP19421_Scan1-011-Full-ROI",1.32677259047826,-3.38232096532981,"Incidental STIC","Epithelial"
"LSP19421_Scan1-012-Full-ROI",1.34595050414403,-3.36956175665061,"Incidental STIC","Epithelial"
"LSP19421_Scan1-013-Full-ROI",1.28603019316991,-3.39751204351584,"Incidental STIC","Epithelial"
"LSP19421_Scan1-014-Full-ROI",-2.36969433228175,-0.770060623685519,"Incidental STIC","Stroma"
"LSP19421_Scan1-015-Full-ROI",-1.26449165741603,-2.53025015691916,"Incidental Fimbriae","Epithelial"
"LSP19421_Scan1-016-Full-ROI",-2.69256935516993,-0.512035454312961,"Incidental Fimbriae","Stroma"
"LSP19421_Scan1-017-Full-ROI",-0.354749302069346,-3.97202357153098,"Incidental FT","Epithelial"
"LSP19421_Scan1-019-Full-ROI",-1.06304035584132,-2.8134961972634,"Incidental FT","Epithelial"
